{
    "Derivación": {
        "precision": 0.4652493867538839,
        "recall": 0.6411267605633802,
        "f1-score": 0.539208718313196,
        "support": 3550.0
    },
    "Domicilio": {
        "precision": 0.9393863431264414,
        "recall": 0.8820732511062989,
        "f1-score": 0.9098281052733806,
        "support": 21242.0
    },
    "Hospitalización": {
        "precision": 0.6447628458498024,
        "recall": 0.6304347826086957,
        "f1-score": 0.6375183194919394,
        "support": 2070.0
    },
    "accuracy": 0.8308391035663762,
    "macro avg": {
        "precision": 0.6831328585767092,
        "recall": 0.7178782647594583,
        "f1-score": 0.6955183810261719,
        "support": 26862.0
    },
    "weighted avg": {
        "precision": 0.8540220056055858,
        "recall": 0.8308391035663762,
        "f1-score": 0.8398638405024685,
        "support": 26862.0
    }
}